feature,importance,model
netImbalanceVolume,0.6466042833437271,GradientBoosting
balancing_price_lag1,0.2251237132529015,GradientBoosting
month,0.050370760670499184,GradientBoosting
base_production_mw,0.021431917642351667,GradientBoosting
balancing_price_lag2,0.008456487198098146,GradientBoosting
totalAcceptedBidVolume,0.007466152830838324,GradientBoosting
demand_mw,0.007059758495966108,GradientBoosting
netImbalanceVolume_lag1,0.005933473235584619,GradientBoosting
demand_mw_lag1,0.004541474772365804,GradientBoosting
totalAcceptedOfferVolume,0.0038455808296759338,GradientBoosting
wind_pct,0.0036758887170672966,GradientBoosting
gas_pct,0.002621901818412404,GradientBoosting
day_ahead_price_proxy,0.002268537792944781,GradientBoosting
hour,0.0022454282144143533,GradientBoosting
demand_mw_lag2,0.0021937531802057445,GradientBoosting
nuclear_pct,0.0015670554030112656,GradientBoosting
netImbalanceVolume_lag2,0.0009282104302006591,GradientBoosting
netImbalanceVolume_lag48,0.0009256903659404505,GradientBoosting
wind_mw,0.0008688674274080582,GradientBoosting
season,0.0006667056345846936,GradientBoosting
day_of_week,0.0005742595005438846,GradientBoosting
imports_pct,0.0005588356014124714,GradientBoosting
solar_mw,7.126364184548122e-05,GradientBoosting
half_hour,0.0,GradientBoosting
solar_pct,0.0,GradientBoosting
is_weekend,0.0,GradientBoosting
netImbalanceVolume,0.5632435894688126,RandomForest
balancing_price_lag1,0.22155498147124045,RandomForest
month,0.041121429848635364,RandomForest
base_production_mw,0.020611756941497854,RandomForest
totalAcceptedBidVolume,0.014948961064793093,RandomForest
totalAcceptedOfferVolume,0.01486252244565797,RandomForest
balancing_price_lag2,0.013442503463886693,RandomForest
netImbalanceVolume_lag1,0.013205125506838701,RandomForest
day_ahead_price_proxy,0.008694828027389466,RandomForest
nuclear_pct,0.008484941336233134,RandomForest
gas_pct,0.008403469661104527,RandomForest
wind_pct,0.008335341935002606,RandomForest
demand_mw,0.007546719506171242,RandomForest
netImbalanceVolume_lag48,0.007288516505439047,RandomForest
demand_mw_lag2,0.007185403206611905,RandomForest
imports_pct,0.0071192561610134795,RandomForest
netImbalanceVolume_lag2,0.006662037624441948,RandomForest
demand_mw_lag1,0.006263073823724692,RandomForest
wind_mw,0.006091836465536545,RandomForest
hour,0.004399154540730094,RandomForest
solar_mw,0.0026425146175394353,RandomForest
day_of_week,0.002556595317154008,RandomForest
solar_pct,0.002445390081657881,RandomForest
season,0.0018296860556239855,RandomForest
half_hour,0.0006840452959246167,RandomForest
is_weekend,0.0003763196273388353,RandomForest
netImbalanceVolume,0.29554611444473267,XGBoost
balancing_price_lag1,0.23879796266555786,XGBoost
month,0.1765267550945282,XGBoost
base_production_mw,0.03401568904519081,XGBoost
season,0.02170141041278839,XGBoost
netImbalanceVolume_lag1,0.01979616843163967,XGBoost
balancing_price_lag2,0.016381563618779182,XGBoost
totalAcceptedBidVolume,0.016312405467033386,XGBoost
totalAcceptedOfferVolume,0.014915838837623596,XGBoost
demand_mw,0.014593381434679031,XGBoost
wind_mw,0.014124047011137009,XGBoost
gas_pct,0.013403472490608692,XGBoost
wind_pct,0.012919011525809765,XGBoost
demand_mw_lag1,0.012327451258897781,XGBoost
nuclear_pct,0.012241333723068237,XGBoost
hour,0.011854007840156555,XGBoost
demand_mw_lag2,0.011576018296182156,XGBoost
day_ahead_price_proxy,0.009949528612196445,XGBoost
imports_pct,0.008931748569011688,XGBoost
netImbalanceVolume_lag2,0.008790399879217148,XGBoost
solar_pct,0.008455360308289528,XGBoost
day_of_week,0.008178451098501682,XGBoost
solar_mw,0.007641701493412256,XGBoost
netImbalanceVolume_lag48,0.006885888520628214,XGBoost
half_hour,0.00413424801081419,XGBoost
is_weekend,0.0,XGBoost
